162.55.33.98|-|-|[26/Apr/2021:21:20:17|+0000]|"GET|/api/annotations?from|HTTP/2.0"|200|2|"https://grafana.itoutposts.com/d/xtkCtBkiz/blackbox-exporter-overview?orgId|"Mozilla/5.0|(Macintosh;|Intel|Mac|OS|X|10_15_7)|AppleWebKit/537.36|(KHTML,|like|Gecko)|Chrome/90.0.4430.85|Safari/537.36"|69|0.003|[monitoring-monitoring-prometheus-grafana-80]|[]|192.168.226.102:3000|2|0.004|200|f9f97c8e584ae95d1ba146c23986fc43|
162.55.33.98|-|-|[26/Apr/2021:21:20:17|+0000]|"GET|/api/annotations?from|HTTP/2.0"|200|2|"https://grafana.itoutposts.com/d/xtkCtBkiz/blackbox-exporter-overview?orgId|"Mozilla/5.0|(Macintosh;|Intel|Mac|OS|X|10_15_7)|AppleWebKit/537.36|(KHTML,|like|Gecko)|Chrome/90.0.4430.85|Safari/537.36"|69|0.003|[monitoring-monitoring-prometheus-grafana-80]|[]|192.168.226.102:3000|2|0.004|200|f9f97c8e584ae95d1ba146c23986fc43|
162.55.33.98|-|-|[26/Apr/2021:21:20:17|+0000]|"GET|/api/annotations?from|HTTP/2.0"|200|2|"https://grafana.itoutposts.com/d/xtkCtBkiz/blackbox-exporter-overview?orgId|"Mozilla/5.0|(Macintosh;|Intel|Mac|OS|X|10_15_7)|AppleWebKit/537.36|(KHTML,|like|Gecko)|Chrome/90.0.4430.85|Safari/537.36"|69|0.003|[monitoring-monitoring-prometheus-grafana-80]|[]|192.168.226.102:3000|2|0.004|200|f9f97c8e584ae95d1ba146c23986fc43|
162.55.33.98|-|-|[26/Apr/2021:21:20:17|+0000]|"GET|/api/annotations?from|HTTP/2.0"|200|2|"https://grafana.itoutposts.com/d/xtkCtBkiz/blackbox-exporter-overview?orgId|"Mozilla/5.0|(Macintosh;|Intel|Mac|OS|X|10_15_7)|AppleWebKit/537.36|(KHTML,|like|Gecko)|Chrome/90.0.4430.85|Safari/537.36"|69|0.003|[monitoring-monitoring-prometheus-grafana-80]|[]|192.168.226.102:3000|2|0.004|200|f9f97c8e584ae95d1ba146c23986fc43|
162.55.33.98|-|-|[26/Apr/2021:21:20:17|+0000]|"GET|/api/annotations?from|HTTP/2.0"|200|2|"https://grafana.itoutposts.com/d/xtkCtBkiz/blackbox-exporter-overview?orgId|"Mozilla/5.0|(Macintosh;|Intel|Mac|OS|X|10_15_7)|AppleWebKit/537.36|(KHTML,|like|Gecko)|Chrome/90.0.4430.85|Safari/537.36"|69|0.003|[monitoring-monitoring-prometheus-grafana-80]|[]|192.168.226.102:3000|2|0.004|200|f9f97c8e584ae95d1ba146c23986fc43|
162.55.33.98|-|-|[26/Apr/2021:21:20:17|+0000]|"GET|/api/annotations?from|HTTP/2.0"|200|2|"https://grafana.itoutposts.com/d/xtkCtBkiz/blackbox-exporter-overview?orgId|"Mozilla/5.0|(Macintosh;|Intel|Mac|OS|X|10_15_7)|AppleWebKit/537.36|(KHTML,|like|Gecko)|Chrome/90.0.4430.85|Safari/537.36"|69|0.003|[monitoring-monitoring-prometheus-grafana-80]|[]|192.168.226.102:3000|2|0.004|200|f9f97c8e584ae95d1ba146c23986fc43|
162.55.33.98|-|-|[26/Apr/2021:21:20:17|+0000]|"GET|/api/annotations?from|HTTP/2.0"|200|2|"https://grafana.itoutposts.com/d/xtkCtBkiz/blackbox-exporter-overview?orgId|"Mozilla/5.0|(Macintosh;|Intel|Mac|OS|X|10_15_7)|AppleWebKit/537.36|(KHTML,|like|Gecko)|Chrome/90.0.4430.85|Safari/537.36"|69|0.003|[monitoring-monitoring-prometheus-grafana-80]|[]|192.168.226.102:3000|2|0.004|200|f9f97c8e584ae95d1ba146c23986fc43|
162.55.33.98|-|-|[26/Apr/2021:21:20:17|+0000]|"GET|/api/annotations?from|HTTP/2.0"|200|2|"https://grafana.itoutposts.com/d/xtkCtBkiz/blackbox-exporter-overview?orgId|"Mozilla/5.0|(Macintosh;|Intel|Mac|OS|X|10_15_7)|AppleWebKit/537.36|(KHTML,|like|Gecko)|Chrome/90.0.4430.85|Safari/537.36"|69|0.003|[monitoring-monitoring-prometheus-grafana-80]|[]|192.168.226.102:3000|2|0.004|200|f9f97c8e584ae95d1ba146c23986fc43|
162.55.33.98|-|-|[26/Apr/2021:21:20:17|+0000]|"GET|/api/annotations?from|HTTP/2.0"|200|2|"https://grafana.itoutposts.com/d/xtkCtBkiz/blackbox-exporter-overview?orgId|"Mozilla/5.0|(Macintosh;|Intel|Mac|OS|X|10_15_7)|AppleWebKit/537.36|(KHTML,|like|Gecko)|Chrome/90.0.4430.85|Safari/537.36"|69|0.003|[monitoring-monitoring-prometheus-grafana-80]|[]|192.168.226.102:3000|2|0.004|200|f9f97c8e584ae95d1ba146c23986fc43|
162.55.33.98|-|-|[26/Apr/2021:21:20:17|+0000]|"GET|/api/annotations?from|HTTP/2.0"|200|2|"https://grafana.itoutposts.com/d/xtkCtBkiz/blackbox-exporter-overview?orgId|"Mozilla/5.0|(Macintosh;|Intel|Mac|OS|X|10_15_7)|AppleWebKit/537.36|(KHTML,|like|Gecko)|Chrome/90.0.4430.85|Safari/537.36"|69|0.003|[monitoring-monitoring-prometheus-grafana-80]|[]|192.168.226.102:3000|2|0.004|200|f9f97c8e584ae95d1ba146c23986fc43|
162.55.33.98|-|-|[26/Apr/2021:21:20:17|+0000]|"GET|/api/annotations?from|HTTP/2.0"|200|2|"https://grafana.itoutposts.com/d/xtkCtBkiz/blackbox-exporter-overview?orgId|"Mozilla/5.0|(Macintosh;|Intel|Mac|OS|X|10_15_7)|AppleWebKit/537.36|(KHTML,|like|Gecko)|Chrome/90.0.4430.85|Safari/537.36"|69|0.003|[monitoring-monitoring-prometheus-grafana-80]|[]|192.168.226.102:3000|2|0.004|200|f9f97c8e584ae95d1ba146c23986fc43|
162.55.33.98|-|-|[26/Apr/2021:21:20:17|+0000]|"GET|/api/annotations?from|HTTP/2.0"|200|2|"https://grafana.itoutposts.com/d/xtkCtBkiz/blackbox-exporter-overview?orgId|"Mozilla/5.0|(Macintosh;|Intel|Mac|OS|X|10_15_7)|AppleWebKit/537.36|(KHTML,|like|Gecko)|Chrome/90.0.4430.85|Safari/537.36"|69|0.003|[monitoring-monitoring-prometheus-grafana-80]|[]|192.168.226.102:3000|2|0.004|200|f9f97c8e584ae95d1ba146c23986fc43|
162.55.33.98|-|-|[26/Apr/2021:21:20:17|+0000]|"GET|/api/annotations?from|HTTP/2.0"|200|2|"https://grafana.itoutposts.com/d/xtkCtBkiz/blackbox-exporter-overview?orgId|"Mozilla/5.0|(Macintosh;|Intel|Mac|OS|X|10_15_7)|AppleWebKit/537.36|(KHTML,|like|Gecko)|Chrome/90.0.4430.85|Safari/537.36"|69|0.003|[monitoring-monitoring-prometheus-grafana-80]|[]|192.168.226.102:3000|2|0.004|200|f9f97c8e584ae95d1ba146c23986fc43|
162.55.33.98|-|-|[26/Apr/2021:21:20:17|+0000]|"GET|/api/annotations?from|HTTP/2.0"|200|2|"https://grafana.itoutposts.com/d/xtkCtBkiz/blackbox-exporter-overview?orgId|"Mozilla/5.0|(Macintosh;|Intel|Mac|OS|X|10_15_7)|AppleWebKit/537.36|(KHTML,|like|Gecko)|Chrome/90.0.4430.85|Safari/537.36"|69|0.003|[monitoring-monitoring-prometheus-grafana-80]|[]|192.168.226.102:3000|2|0.004|200|f9f97c8e584ae95d1ba146c23986fc43|
162.55.33.98|-|-|[26/Apr/2021:21:20:17|+0000]|"GET|/api/annotations?from|HTTP/2.0"|200|2|"https://grafana.itoutposts.com/d/xtkCtBkiz/blackbox-exporter-overview?orgId|"Mozilla/5.0|(Macintosh;|Intel|Mac|OS|X|10_15_7)|AppleWebKit/537.36|(KHTML,|like|Gecko)|Chrome/90.0.4430.85|Safari/537.36"|69|0.003|[monitoring-monitoring-prometheus-grafana-80]|[]|192.168.226.102:3000|2|0.004|200|f9f97c8e584ae95d1ba146c23986fc43|
162.55.33.98|-|-|[26/Apr/2021:21:20:17|+0000]|"GET|/api/annotations?from|HTTP/2.0"|200|2|"https://grafana.itoutposts.com/d/xtkCtBkiz/blackbox-exporter-overview?orgId|"Mozilla/5.0|(Macintosh;|Intel|Mac|OS|X|10_15_7)|AppleWebKit/537.36|(KHTML,|like|Gecko)|Chrome/90.0.4430.85|Safari/537.36"|69|0.003|[monitoring-monitoring-prometheus-grafana-80]|[]|192.168.226.102:3000|2|0.004|200|f9f97c8e584ae95d1ba146c23986fc43|
162.55.33.98|-|-|[26/Apr/2021:21:20:17|+0000]|"GET|/api/annotations?from|HTTP/2.0"|200|2|"https://grafana.itoutposts.com/d/xtkCtBkiz/blackbox-exporter-overview?orgId|"Mozilla/5.0|(Macintosh;|Intel|Mac|OS|X|10_15_7)|AppleWebKit/537.36|(KHTML,|like|Gecko)|Chrome/90.0.4430.85|Safari/537.36"|69|0.003|[monitoring-monitoring-prometheus-grafana-80]|[]|192.168.226.102:3000|2|0.004|200|f9f97c8e584ae95d1ba146c23986fc43|
162.55.33.98|-|-|[26/Apr/2021:21:20:17|+0000]|"GET|/api/annotations?from|HTTP/2.0"|200|2|"https://grafana.itoutposts.com/d/xtkCtBkiz/blackbox-exporter-overview?orgId|"Mozilla/5.0|(Macintosh;|Intel|Mac|OS|X|10_15_7)|AppleWebKit/537.36|(KHTML,|like|Gecko)|Chrome/90.0.4430.85|Safari/537.36"|69|0.003|[monitoring-monitoring-prometheus-grafana-80]|[]|192.168.226.102:3000|2|0.004|200|f9f97c8e584ae95d1ba146c23986fc43|
162.55.33.98|-|-|[26/Apr/2021:21:20:17|+0000]|"GET|/api/annotations?from|HTTP/2.0"|200|2|"https://grafana.itoutposts.com/d/xtkCtBkiz/blackbox-exporter-overview?orgId|"Mozilla/5.0|(Macintosh;|Intel|Mac|OS|X|10_15_7)|AppleWebKit/537.36|(KHTML,|like|Gecko)|Chrome/90.0.4430.85|Safari/537.36"|69|0.003|[monitoring-monitoring-prometheus-grafana-80]|[]|192.168.226.102:3000|2|0.004|200|f9f97c8e584ae95d1ba146c23986fc43|
162.55.33.98|-|-|[26/Apr/2021:21:20:17|+0000]|"GET|/api/annotations?from|HTTP/2.0"|200|2|"https://grafana.itoutposts.com/d/xtkCtBkiz/blackbox-exporter-overview?orgId|"Mozilla/5.0|(Macintosh;|Intel|Mac|OS|X|10_15_7)|AppleWebKit/537.36|(KHTML,|like|Gecko)|Chrome/90.0.4430.85|Safari/537.36"|69|0.003|[monitoring-monitoring-prometheus-grafana-80]|[]|192.168.226.102:3000|2|0.004|200|f9f97c8e584ae95d1ba146c23986fc43|
162.55.33.98|-|-|[26/Apr/2021:21:20:17|+0000]|"GET|/api/annotations?from|HTTP/2.0"|200|2|"https://grafana.itoutposts.com/d/xtkCtBkiz/blackbox-exporter-overview?orgId|"Mozilla/5.0|(Macintosh;|Intel|Mac|OS|X|10_15_7)|AppleWebKit/537.36|(KHTML,|like|Gecko)|Chrome/90.0.4430.85|Safari/537.36"|69|0.003|[monitoring-monitoring-prometheus-grafana-80]|[]|192.168.226.102:3000|2|0.004|200|f9f97c8e584ae95d1ba146c23986fc43|
162.55.33.98|-|-|[26/Apr/2021:21:20:17|+0000]|"GET|/api/annotations?from|HTTP/2.0"|200|2|"https://grafana.itoutposts.com/d/xtkCtBkiz/blackbox-exporter-overview?orgId|"Mozilla/5.0|(Macintosh;|Intel|Mac|OS|X|10_15_7)|AppleWebKit/537.36|(KHTML,|like|Gecko)|Chrome/90.0.4430.85|Safari/537.36"|69|0.003|[monitoring-monitoring-prometheus-grafana-80]|[]|192.168.226.102:3000|2|0.004|200|f9f97c8e584ae95d1ba146c23986fc43|
162.55.33.98|-|-|[26/Apr/2021:21:20:17|+0000]|"GET|/api/annotations?from|HTTP/2.0"|200|2|"https://grafana.itoutposts.com/d/xtkCtBkiz/blackbox-exporter-overview?orgId|"Mozilla/5.0|(Macintosh;|Intel|Mac|OS|X|10_15_7)|AppleWebKit/537.36|(KHTML,|like|Gecko)|Chrome/90.0.4430.85|Safari/537.36"|69|0.003|[monitoring-monitoring-prometheus-grafana-80]|[]|192.168.226.102:3000|2|0.004|200|f9f97c8e584ae95d1ba146c23986fc43|
162.55.33.98|-|-|[26/Apr/2021:21:20:17|+0000]|"GET|/api/annotations?from|HTTP/2.0"|200|2|"https://grafana.itoutposts.com/d/xtkCtBkiz/blackbox-exporter-overview?orgId|"Mozilla/5.0|(Macintosh;|Intel|Mac|OS|X|10_15_7)|AppleWebKit/537.36|(KHTML,|like|Gecko)|Chrome/90.0.4430.85|Safari/537.36"|69|0.003|[monitoring-monitoring-prometheus-grafana-80]|[]|192.168.226.102:3000|2|0.004|200|f9f97c8e584ae95d1ba146c23986fc43|
162.55.33.98|-|-|[26/Apr/2021:21:20:17|+0000]|"GET|/api/annotations?from|HTTP/2.0"|200|2|"https://grafana.itoutposts.com/d/xtkCtBkiz/blackbox-exporter-overview?orgId|"Mozilla/5.0|(Macintosh;|Intel|Mac|OS|X|10_15_7)|AppleWebKit/537.36|(KHTML,|like|Gecko)|Chrome/90.0.4430.85|Safari/537.36"|69|0.003|[monitoring-monitoring-prometheus-grafana-80]|[]|192.168.226.102:3000|2|0.004|200|f9f97c8e584ae95d1ba146c23986fc43|
162.55.33.98|-|-|[26/Apr/2021:21:20:17|+0000]|"GET|/api/annotations?from|HTTP/2.0"|200|2|"https://grafana.itoutposts.com/d/xtkCtBkiz/blackbox-exporter-overview?orgId|"Mozilla/5.0|(Macintosh;|Intel|Mac|OS|X|10_15_7)|AppleWebKit/537.36|(KHTML,|like|Gecko)|Chrome/90.0.4430.85|Safari/537.36"|69|0.003|[monitoring-monitoring-prometheus-grafana-80]|[]|192.168.226.102:3000|2|0.004|200|f9f97c8e584ae95d1ba146c23986fc43|
162.55.33.98|-|-|[26/Apr/2021:21:20:17|+0000]|"GET|/api/annotations?from|HTTP/2.0"|200|2|"https://grafana.itoutposts.com/d/xtkCtBkiz/blackbox-exporter-overview?orgId|"Mozilla/5.0|(Macintosh;|Intel|Mac|OS|X|10_15_7)|AppleWebKit/537.36|(KHTML,|like|Gecko)|Chrome/90.0.4430.85|Safari/537.36"|69|0.003|[monitoring-monitoring-prometheus-grafana-80]|[]|192.168.226.102:3000|2|0.004|200|f9f97c8e584ae95d1ba146c23986fc43|
162.55.33.98|-|-|[26/Apr/2021:21:20:17|+0000]|"GET|/api/annotations?from|HTTP/2.0"|200|2|"https://grafana.itoutposts.com/d/xtkCtBkiz/blackbox-exporter-overview?orgId|"Mozilla/5.0|(Macintosh;|Intel|Mac|OS|X|10_15_7)|AppleWebKit/537.36|(KHTML,|like|Gecko)|Chrome/90.0.4430.85|Safari/537.36"|69|0.003|[monitoring-monitoring-prometheus-grafana-80]|[]|192.168.226.102:3000|2|0.004|200|f9f97c8e584ae95d1ba146c23986fc43|
162.55.33.98|-|-|[26/Apr/2021:21:20:17|+0000]|"GET|/api/annotations?from|HTTP/2.0"|200|2|"https://grafana.itoutposts.com/d/xtkCtBkiz/blackbox-exporter-overview?orgId|"Mozilla/5.0|(Macintosh;|Intel|Mac|OS|X|10_15_7)|AppleWebKit/537.36|(KHTML,|like|Gecko)|Chrome/90.0.4430.85|Safari/537.36"|69|0.003|[monitoring-monitoring-prometheus-grafana-80]|[]|192.168.226.102:3000|2|0.004|200|f9f97c8e584ae95d1ba146c23986fc43|
162.55.33.98|-|-|[26/Apr/2021:21:20:17|+0000]|"GET|/api/annotations?from|HTTP/2.0"|200|2|"https://grafana.itoutposts.com/d/xtkCtBkiz/blackbox-exporter-overview?orgId|"Mozilla/5.0|(Macintosh;|Intel|Mac|OS|X|10_15_7)|AppleWebKit/537.36|(KHTML,|like|Gecko)|Chrome/90.0.4430.85|Safari/537.36"|69|0.003|[monitoring-monitoring-prometheus-grafana-80]|[]|192.168.226.102:3000|2|0.004|200|f9f97c8e584ae95d1ba146c23986fc43|
162.55.33.98|-|-|[26/Apr/2021:21:20:17|+0000]|"GET|/api/annotations?from|HTTP/2.0"|200|2|"https://grafana.itoutposts.com/d/xtkCtBkiz/blackbox-exporter-overview?orgId|"Mozilla/5.0|(Macintosh;|Intel|Mac|OS|X|10_15_7)|AppleWebKit/537.36|(KHTML,|like|Gecko)|Chrome/90.0.4430.85|Safari/537.36"|69|0.003|[monitoring-monitoring-prometheus-grafana-80]|[]|192.168.226.102:3000|2|0.004|200|f9f97c8e584ae95d1ba146c23986fc43|
162.55.33.98|-|-|[26/Apr/2021:21:20:17|+0000]|"GET|/api/annotations?from|HTTP/2.0"|200|2|"https://grafana.itoutposts.com/d/xtkCtBkiz/blackbox-exporter-overview?orgId|"Mozilla/5.0|(Macintosh;|Intel|Mac|OS|X|10_15_7)|AppleWebKit/537.36|(KHTML,|like|Gecko)|Chrome/90.0.4430.85|Safari/537.36"|69|0.003|[monitoring-monitoring-prometheus-grafana-80]|[]|192.168.226.102:3000|2|0.004|200|f9f97c8e584ae95d1ba146c23986fc43|
162.55.33.98|-|-|[26/Apr/2021:21:20:17|+0000]|"GET|/api/annotations?from|HTTP/2.0"|200|2|"https://grafana.itoutposts.com/d/xtkCtBkiz/blackbox-exporter-overview?orgId|"Mozilla/5.0|(Macintosh;|Intel|Mac|OS|X|10_15_7)|AppleWebKit/537.36|(KHTML,|like|Gecko)|Chrome/90.0.4430.85|Safari/537.36"|69|0.003|[monitoring-monitoring-prometheus-grafana-80]|[]|192.168.226.102:3000|2|0.004|200|f9f97c8e584ae95d1ba146c23986fc43|
162.55.33.98|-|-|[26/Apr/2021:21:20:17|+0000]|"GET|/api/annotations?from|HTTP/2.0"|200|2|"https://grafana.itoutposts.com/d/xtkCtBkiz/blackbox-exporter-overview?orgId|"Mozilla/5.0|(Macintosh;|Intel|Mac|OS|X|10_15_7)|AppleWebKit/537.36|(KHTML,|like|Gecko)|Chrome/90.0.4430.85|Safari/537.36"|69|0.003|[monitoring-monitoring-prometheus-grafana-80]|[]|192.168.226.102:3000|2|0.004|200|f9f97c8e584ae95d1ba146c23986fc43|
162.55.33.98|-|-|[26/Apr/2021:21:20:17|+0000]|"GET|/api/annotations?from|HTTP/2.0"|200|2|"https://grafana.itoutposts.com/d/xtkCtBkiz/blackbox-exporter-overview?orgId|"Mozilla/5.0|(Macintosh;|Intel|Mac|OS|X|10_15_7)|AppleWebKit/537.36|(KHTML,|like|Gecko)|Chrome/90.0.4430.85|Safari/537.36"|69|0.003|[monitoring-monitoring-prometheus-grafana-80]|[]|192.168.226.102:3000|2|0.004|200|f9f97c8e584ae95d1ba146c23986fc43|
162.55.33.98|-|-|[26/Apr/2021:21:20:17|+0000]|"GET|/api/annotations?from|HTTP/2.0"|200|2|"https://grafana.itoutposts.com/d/xtkCtBkiz/blackbox-exporter-overview?orgId|"Mozilla/5.0|(Macintosh;|Intel|Mac|OS|X|10_15_7)|AppleWebKit/537.36|(KHTML,|like|Gecko)|Chrome/90.0.4430.85|Safari/537.36"|69|0.003|[monitoring-monitoring-prometheus-grafana-80]|[]|192.168.226.102:3000|2|0.004|200|f9f97c8e584ae95d1ba146c23986fc43|
162.55.33.98|-|-|[26/Apr/2021:21:20:17|+0000]|"GET|/api/annotations?from|HTTP/2.0"|200|2|"https://grafana.itoutposts.com/d/xtkCtBkiz/blackbox-exporter-overview?orgId|"Mozilla/5.0|(Macintosh;|Intel|Mac|OS|X|10_15_7)|AppleWebKit/537.36|(KHTML,|like|Gecko)|Chrome/90.0.4430.85|Safari/537.36"|69|0.003|[monitoring-monitoring-prometheus-grafana-80]|[]|192.168.226.102:3000|2|0.004|200|f9f97c8e584ae95d1ba146c23986fc43|
162.55.33.98|-|-|[26/Apr/2021:21:20:17|+0000]|"GET|/api/annotations?from|HTTP/2.0"|200|2|"https://grafana.itoutposts.com/d/xtkCtBkiz/blackbox-exporter-overview?orgId|"Mozilla/5.0|(Macintosh;|Intel|Mac|OS|X|10_15_7)|AppleWebKit/537.36|(KHTML,|like|Gecko)|Chrome/90.0.4430.85|Safari/537.36"|69|0.003|[monitoring-monitoring-prometheus-grafana-80]|[]|192.168.226.102:3000|2|0.004|200|f9f97c8e584ae95d1ba146c23986fc43|
162.55.33.98|-|-|[26/Apr/2021:21:20:17|+0000]|"GET|/api/annotations?from|HTTP/2.0"|200|2|"https://grafana.itoutposts.com/d/xtkCtBkiz/blackbox-exporter-overview?orgId|"Mozilla/5.0|(Macintosh;|Intel|Mac|OS|X|10_15_7)|AppleWebKit/537.36|(KHTML,|like|Gecko)|Chrome/90.0.4430.85|Safari/537.36"|69|0.003|[monitoring-monitoring-prometheus-grafana-80]|[]|192.168.226.102:3000|2|0.004|200|f9f97c8e584ae95d1ba146c23986fc43|
162.55.33.98|-|-|[26/Apr/2021:21:20:17|+0000]|"GET|/api/annotations?from|HTTP/2.0"|200|2|"https://grafana.itoutposts.com/d/xtkCtBkiz/blackbox-exporter-overview?orgId|"Mozilla/5.0|(Macintosh;|Intel|Mac|OS|X|10_15_7)|AppleWebKit/537.36|(KHTML,|like|Gecko)|Chrome/90.0.4430.85|Safari/537.36"|69|0.003|[monitoring-monitoring-prometheus-grafana-80]|[]|192.168.226.102:3000|2|0.004|200|f9f97c8e584ae95d1ba146c23986fc43|
162.55.33.98|-|-|[26/Apr/2021:21:20:17|+0000]|"GET|/api/annotations?from|HTTP/2.0"|200|2|"https://grafana.itoutposts.com/d/xtkCtBkiz/blackbox-exporter-overview?orgId|"Mozilla/5.0|(Macintosh;|Intel|Mac|OS|X|10_15_7)|AppleWebKit/537.36|(KHTML,|like|Gecko)|Chrome/90.0.4430.85|Safari/537.36"|69|0.003|[monitoring-monitoring-prometheus-grafana-80]|[]|192.168.226.102:3000|2|0.004|200|f9f97c8e584ae95d1ba146c23986fc43|
162.55.33.98|-|-|[26/Apr/2021:21:20:17|+0000]|"GET|/api/annotations?from|HTTP/2.0"|200|2|"https://grafana.itoutposts.com/d/xtkCtBkiz/blackbox-exporter-overview?orgId|"Mozilla/5.0|(Macintosh;|Intel|Mac|OS|X|10_15_7)|AppleWebKit/537.36|(KHTML,|like|Gecko)|Chrome/90.0.4430.85|Safari/537.36"|69|0.003|[monitoring-monitoring-prometheus-grafana-80]|[]|192.168.226.102:3000|2|0.004|200|f9f97c8e584ae95d1ba146c23986fc43|
162.55.33.98|-|-|[26/Apr/2021:21:20:17|+0000]|"GET|/api/annotations?from|HTTP/2.0"|200|2|"https://grafana.itoutposts.com/d/xtkCtBkiz/blackbox-exporter-overview?orgId|"Mozilla/5.0|(Macintosh;|Intel|Mac|OS|X|10_15_7)|AppleWebKit/537.36|(KHTML,|like|Gecko)|Chrome/90.0.4430.85|Safari/537.36"|69|0.003|[monitoring-monitoring-prometheus-grafana-80]|[]|192.168.226.102:3000|2|0.004|200|f9f97c8e584ae95d1ba146c23986fc43|
162.55.33.98|-|-|[26/Apr/2021:21:20:17|+0000]|"GET|/api/annotations?from|HTTP/2.0"|200|2|"https://grafana.itoutposts.com/d/xtkCtBkiz/blackbox-exporter-overview?orgId|"Mozilla/5.0|(Macintosh;|Intel|Mac|OS|X|10_15_7)|AppleWebKit/537.36|(KHTML,|like|Gecko)|Chrome/90.0.4430.85|Safari/537.36"|69|0.003|[monitoring-monitoring-prometheus-grafana-80]|[]|192.168.226.102:3000|2|0.004|200|f9f97c8e584ae95d1ba146c23986fc43|
162.55.33.98|-|-|[26/Apr/2021:21:20:17|+0000]|"GET|/api/annotations?from|HTTP/2.0"|200|2|"https://grafana.itoutposts.com/d/xtkCtBkiz/blackbox-exporter-overview?orgId|"Mozilla/5.0|(Macintosh;|Intel|Mac|OS|X|10_15_7)|AppleWebKit/537.36|(KHTML,|like|Gecko)|Chrome/90.0.4430.85|Safari/537.36"|69|0.003|[monitoring-monitoring-prometheus-grafana-80]|[]|192.168.226.102:3000|2|0.004|200|f9f97c8e584ae95d1ba146c23986fc43|
162.55.33.98|-|-|[26/Apr/2021:21:20:17|+0000]|"GET|/api/annotations?from|HTTP/2.0"|200|2|"https://grafana.itoutposts.com/d/xtkCtBkiz/blackbox-exporter-overview?orgId|"Mozilla/5.0|(Macintosh;|Intel|Mac|OS|X|10_15_7)|AppleWebKit/537.36|(KHTML,|like|Gecko)|Chrome/90.0.4430.85|Safari/537.36"|69|0.003|[monitoring-monitoring-prometheus-grafana-80]|[]|192.168.226.102:3000|2|0.004|200|f9f97c8e584ae95d1ba146c23986fc43|
162.55.33.98|-|-|[26/Apr/2021:21:20:17|+0000]|"GET|/api/annotations?from|HTTP/2.0"|200|2|"https://grafana.itoutposts.com/d/xtkCtBkiz/blackbox-exporter-overview?orgId|"Mozilla/5.0|(Macintosh;|Intel|Mac|OS|X|10_15_7)|AppleWebKit/537.36|(KHTML,|like|Gecko)|Chrome/90.0.4430.85|Safari/537.36"|69|0.003|[monitoring-monitoring-prometheus-grafana-80]|[]|192.168.226.102:3000|2|0.004|200|f9f97c8e584ae95d1ba146c23986fc43|
162.55.33.98|-|-|[26/Apr/2021:21:20:17|+0000]|"GET|/api/annotations?from|HTTP/2.0"|200|2|"https://grafana.itoutposts.com/d/xtkCtBkiz/blackbox-exporter-overview?orgId|"Mozilla/5.0|(Macintosh;|Intel|Mac|OS|X|10_15_7)|AppleWebKit/537.36|(KHTML,|like|Gecko)|Chrome/90.0.4430.85|Safari/537.36"|69|0.003|[monitoring-monitoring-prometheus-grafana-80]|[]|192.168.226.102:3000|2|0.004|200|f9f97c8e584ae95d1ba146c23986fc43|
162.55.33.98|-|-|[26/Apr/2021:21:20:17|+0000]|"GET|/api/annotations?from|HTTP/2.0"|200|2|"https://grafana.itoutposts.com/d/xtkCtBkiz/blackbox-exporter-overview?orgId|"Mozilla/5.0|(Macintosh;|Intel|Mac|OS|X|10_15_7)|AppleWebKit/537.36|(KHTML,|like|Gecko)|Chrome/90.0.4430.85|Safari/537.36"|69|0.003|[monitoring-monitoring-prometheus-grafana-80]|[]|192.168.226.102:3000|2|0.004|200|f9f97c8e584ae95d1ba146c23986fc43|
162.55.33.98|-|-|[26/Apr/2021:21:20:17|+0000]|"GET|/api/annotations?from|HTTP/2.0"|200|2|"https://grafana.itoutposts.com/d/xtkCtBkiz/blackbox-exporter-overview?orgId|"Mozilla/5.0|(Macintosh;|Intel|Mac|OS|X|10_15_7)|AppleWebKit/537.36|(KHTML,|like|Gecko)|Chrome/90.0.4430.85|Safari/537.36"|69|0.003|[monitoring-monitoring-prometheus-grafana-80]|[]|192.168.226.102:3000|2|0.004|200|f9f97c8e584ae95d1ba146c23986fc43|
162.55.33.98|-|-|[26/Apr/2021:21:20:17|+0000]|"GET|/api/annotations?from|HTTP/2.0"|200|2|"https://grafana.itoutposts.com/d/xtkCtBkiz/blackbox-exporter-overview?orgId|"Mozilla/5.0|(Macintosh;|Intel|Mac|OS|X|10_15_7)|AppleWebKit/537.36|(KHTML,|like|Gecko)|Chrome/90.0.4430.85|Safari/537.36"|69|0.003|[monitoring-monitoring-prometheus-grafana-80]|[]|192.168.226.102:3000|2|0.004|200|f9f97c8e584ae95d1ba146c23986fc43|
162.55.33.98|-|-|[26/Apr/2021:21:20:17|+0000]|"GET|/api/annotations?from|HTTP/2.0"|200|2|"https://grafana.itoutposts.com/d/xtkCtBkiz/blackbox-exporter-overview?orgId|"Mozilla/5.0|(Macintosh;|Intel|Mac|OS|X|10_15_7)|AppleWebKit/537.36|(KHTML,|like|Gecko)|Chrome/90.0.4430.85|Safari/537.36"|69|0.003|[monitoring-monitoring-prometheus-grafana-80]|[]|192.168.226.102:3000|2|0.004|200|f9f97c8e584ae95d1ba146c23986fc43|
162.55.33.98|-|-|[26/Apr/2021:21:20:17|+0000]|"GET|/api/annotations?from|HTTP/2.0"|200|2|"https://grafana.itoutposts.com/d/xtkCtBkiz/blackbox-exporter-overview?orgId|"Mozilla/5.0|(Macintosh;|Intel|Mac|OS|X|10_15_7)|AppleWebKit/537.36|(KHTML,|like|Gecko)|Chrome/90.0.4430.85|Safari/537.36"|69|0.003|[monitoring-monitoring-prometheus-grafana-80]|[]|192.168.226.102:3000|2|0.004|200|f9f97c8e584ae95d1ba146c23986fc43|
162.55.33.98|-|-|[26/Apr/2021:21:20:17|+0000]|"GET|/api/annotations?from|HTTP/2.0"|200|2|"https://grafana.itoutposts.com/d/xtkCtBkiz/blackbox-exporter-overview?orgId|"Mozilla/5.0|(Macintosh;|Intel|Mac|OS|X|10_15_7)|AppleWebKit/537.36|(KHTML,|like|Gecko)|Chrome/90.0.4430.85|Safari/537.36"|69|0.003|[monitoring-monitoring-prometheus-grafana-80]|[]|192.168.226.102:3000|2|0.004|200|f9f97c8e584ae95d1ba146c23986fc43|
162.55.33.98|-|-|[26/Apr/2021:21:20:17|+0000]|"GET|/api/annotations?from|HTTP/2.0"|200|2|"https://grafana.itoutposts.com/d/xtkCtBkiz/blackbox-exporter-overview?orgId|"Mozilla/5.0|(Macintosh;|Intel|Mac|OS|X|10_15_7)|AppleWebKit/537.36|(KHTML,|like|Gecko)|Chrome/90.0.4430.85|Safari/537.36"|69|0.003|[monitoring-monitoring-prometheus-grafana-80]|[]|192.168.226.102:3000|2|0.004|200|f9f97c8e584ae95d1ba146c23986fc43|
162.55.33.98|-|-|[26/Apr/2021:21:20:17|+0000]|"GET|/api/annotations?from|HTTP/2.0"|200|2|"https://grafana.itoutposts.com/d/xtkCtBkiz/blackbox-exporter-overview?orgId|"Mozilla/5.0|(Macintosh;|Intel|Mac|OS|X|10_15_7)|AppleWebKit/537.36|(KHTML,|like|Gecko)|Chrome/90.0.4430.85|Safari/537.36"|69|0.003|[monitoring-monitoring-prometheus-grafana-80]|[]|192.168.226.102:3000|2|0.004|200|f9f97c8e584ae95d1ba146c23986fc43|
162.55.33.98|-|-|[26/Apr/2021:21:20:17|+0000]|"GET|/api/annotations?from|HTTP/2.0"|200|2|"https://grafana.itoutposts.com/d/xtkCtBkiz/blackbox-exporter-overview?orgId|"Mozilla/5.0|(Macintosh;|Intel|Mac|OS|X|10_15_7)|AppleWebKit/537.36|(KHTML,|like|Gecko)|Chrome/90.0.4430.85|Safari/537.36"|69|0.003|[monitoring-monitoring-prometheus-grafana-80]|[]|192.168.226.102:3000|2|0.004|200|f9f97c8e584ae95d1ba146c23986fc43|
162.55.33.98|-|-|[26/Apr/2021:21:20:17|+0000]|"GET|/api/annotations?from|HTTP/2.0"|200|2|"https://grafana.itoutposts.com/d/xtkCtBkiz/blackbox-exporter-overview?orgId|"Mozilla/5.0|(Macintosh;|Intel|Mac|OS|X|10_15_7)|AppleWebKit/537.36|(KHTML,|like|Gecko)|Chrome/90.0.4430.85|Safari/537.36"|69|0.003|[monitoring-monitoring-prometheus-grafana-80]|[]|192.168.226.102:3000|2|0.004|200|f9f97c8e584ae95d1ba146c23986fc43|
162.55.33.98|-|-|[26/Apr/2021:21:20:17|+0000]|"GET|/api/annotations?from|HTTP/2.0"|200|2|"https://grafana.itoutposts.com/d/xtkCtBkiz/blackbox-exporter-overview?orgId|"Mozilla/5.0|(Macintosh;|Intel|Mac|OS|X|10_15_7)|AppleWebKit/537.36|(KHTML,|like|Gecko)|Chrome/90.0.4430.85|Safari/537.36"|69|0.003|[monitoring-monitoring-prometheus-grafana-80]|[]|192.168.226.102:3000|2|0.004|200|f9f97c8e584ae95d1ba146c23986fc43|
162.55.33.98|-|-|[26/Apr/2021:21:20:17|+0000]|"GET|/api/annotations?from|HTTP/2.0"|200|2|"https://grafana.itoutposts.com/d/xtkCtBkiz/blackbox-exporter-overview?orgId|"Mozilla/5.0|(Macintosh;|Intel|Mac|OS|X|10_15_7)|AppleWebKit/537.36|(KHTML,|like|Gecko)|Chrome/90.0.4430.85|Safari/537.36"|69|0.003|[monitoring-monitoring-prometheus-grafana-80]|[]|192.168.226.102:3000|2|0.004|200|f9f97c8e584ae95d1ba146c23986fc43|
162.55.33.98|-|-|[26/Apr/2021:21:20:17|+0000]|"GET|/api/annotations?from|HTTP/2.0"|200|2|"https://grafana.itoutposts.com/d/xtkCtBkiz/blackbox-exporter-overview?orgId|"Mozilla/5.0|(Macintosh;|Intel|Mac|OS|X|10_15_7)|AppleWebKit/537.36|(KHTML,|like|Gecko)|Chrome/90.0.4430.85|Safari/537.36"|69|0.003|[monitoring-monitoring-prometheus-grafana-80]|[]|192.168.226.102:3000|2|0.004|200|f9f97c8e584ae95d1ba146c23986fc43|
162.55.33.98|-|-|[26/Apr/2021:21:20:17|+0000]|"GET|/api/annotations?from|HTTP/2.0"|200|2|"https://grafana.itoutposts.com/d/xtkCtBkiz/blackbox-exporter-overview?orgId|"Mozilla/5.0|(Macintosh;|Intel|Mac|OS|X|10_15_7)|AppleWebKit/537.36|(KHTML,|like|Gecko)|Chrome/90.0.4430.85|Safari/537.36"|69|0.003|[monitoring-monitoring-prometheus-grafana-80]|[]|192.168.226.102:3000|2|0.004|200|f9f97c8e584ae95d1ba146c23986fc43|
162.55.33.98|-|-|[26/Apr/2021:21:20:17|+0000]|"GET|/api/annotations?from|HTTP/2.0"|200|2|"https://grafana.itoutposts.com/d/xtkCtBkiz/blackbox-exporter-overview?orgId|"Mozilla/5.0|(Macintosh;|Intel|Mac|OS|X|10_15_7)|AppleWebKit/537.36|(KHTML,|like|Gecko)|Chrome/90.0.4430.85|Safari/537.36"|69|0.003|[monitoring-monitoring-prometheus-grafana-80]|[]|192.168.226.102:3000|2|0.004|200|f9f97c8e584ae95d1ba146c23986fc43|
162.55.33.98|-|-|[26/Apr/2021:21:20:17|+0000]|"GET|/api/annotations?from|HTTP/2.0"|200|2|"https://grafana.itoutposts.com/d/xtkCtBkiz/blackbox-exporter-overview?orgId|"Mozilla/5.0|(Macintosh;|Intel|Mac|OS|X|10_15_7)|AppleWebKit/537.36|(KHTML,|like|Gecko)|Chrome/90.0.4430.85|Safari/537.36"|69|0.003|[monitoring-monitoring-prometheus-grafana-80]|[]|192.168.226.102:3000|2|0.004|200|f9f97c8e584ae95d1ba146c23986fc43|
162.55.33.98|-|-|[26/Apr/2021:21:20:17|+0000]|"GET|/api/annotations?from|HTTP/2.0"|200|2|"https://grafana.itoutposts.com/d/xtkCtBkiz/blackbox-exporter-overview?orgId|"Mozilla/5.0|(Macintosh;|Intel|Mac|OS|X|10_15_7)|AppleWebKit/537.36|(KHTML,|like|Gecko)|Chrome/90.0.4430.85|Safari/537.36"|69|0.003|[monitoring-monitoring-prometheus-grafana-80]|[]|192.168.226.102:3000|2|0.004|200|f9f97c8e584ae95d1ba146c23986fc43|
162.55.33.98|-|-|[26/Apr/2021:21:20:17|+0000]|"GET|/api/annotations?from|HTTP/2.0"|200|2|"https://grafana.itoutposts.com/d/xtkCtBkiz/blackbox-exporter-overview?orgId|"Mozilla/5.0|(Macintosh;|Intel|Mac|OS|X|10_15_7)|AppleWebKit/537.36|(KHTML,|like|Gecko)|Chrome/90.0.4430.85|Safari/537.36"|69|0.003|[monitoring-monitoring-prometheus-grafana-80]|[]|192.168.226.102:3000|2|0.004|200|f9f97c8e584ae95d1ba146c23986fc43|
162.55.33.98|-|-|[26/Apr/2021:21:20:17|+0000]|"GET|/api/annotations?from|HTTP/2.0"|200|2|"https://grafana.itoutposts.com/d/xtkCtBkiz/blackbox-exporter-overview?orgId|"Mozilla/5.0|(Macintosh;|Intel|Mac|OS|X|10_15_7)|AppleWebKit/537.36|(KHTML,|like|Gecko)|Chrome/90.0.4430.85|Safari/537.36"|69|0.003|[monitoring-monitoring-prometheus-grafana-80]|[]|192.168.226.102:3000|2|0.004|200|f9f97c8e584ae95d1ba146c23986fc43|
162.55.33.98|-|-|[26/Apr/2021:21:20:17|+0000]|"GET|/api/annotations?from|HTTP/2.0"|200|2|"https://grafana.itoutposts.com/d/xtkCtBkiz/blackbox-exporter-overview?orgId|"Mozilla/5.0|(Macintosh;|Intel|Mac|OS|X|10_15_7)|AppleWebKit/537.36|(KHTML,|like|Gecko)|Chrome/90.0.4430.85|Safari/537.36"|69|0.003|[monitoring-monitoring-prometheus-grafana-80]|[]|192.168.226.102:3000|2|0.004|200|f9f97c8e584ae95d1ba146c23986fc43|
162.55.33.98|-|-|[26/Apr/2021:21:20:17|+0000]|"GET|/api/annotations?from|HTTP/2.0"|200|2|"https://grafana.itoutposts.com/d/xtkCtBkiz/blackbox-exporter-overview?orgId|"Mozilla/5.0|(Macintosh;|Intel|Mac|OS|X|10_15_7)|AppleWebKit/537.36|(KHTML,|like|Gecko)|Chrome/90.0.4430.85|Safari/537.36"|69|0.003|[monitoring-monitoring-prometheus-grafana-80]|[]|192.168.226.102:3000|2|0.004|200|f9f97c8e584ae95d1ba146c23986fc43|
162.55.33.98|-|-|[26/Apr/2021:21:20:17|+0000]|"GET|/api/annotations?from|HTTP/2.0"|200|2|"https://grafana.itoutposts.com/d/xtkCtBkiz/blackbox-exporter-overview?orgId|"Mozilla/5.0|(Macintosh;|Intel|Mac|OS|X|10_15_7)|AppleWebKit/537.36|(KHTML,|like|Gecko)|Chrome/90.0.4430.85|Safari/537.36"|69|0.003|[monitoring-monitoring-prometheus-grafana-80]|[]|192.168.226.102:3000|2|0.004|200|f9f97c8e584ae95d1ba146c23986fc43|
162.55.33.98|-|-|[26/Apr/2021:21:20:17|+0000]|"GET|/api/annotations?from|HTTP/2.0"|200|2|"https://grafana.itoutposts.com/d/xtkCtBkiz/blackbox-exporter-overview?orgId|"Mozilla/5.0|(Macintosh;|Intel|Mac|OS|X|10_15_7)|AppleWebKit/537.36|(KHTML,|like|Gecko)|Chrome/90.0.4430.85|Safari/537.36"|69|0.003|[monitoring-monitoring-prometheus-grafana-80]|[]|192.168.226.102:3000|2|0.004|200|f9f97c8e584ae95d1ba146c23986fc43|
162.55.33.98|-|-|[26/Apr/2021:21:20:17|+0000]|"GET|/api/annotations?from|HTTP/2.0"|200|2|"https://grafana.itoutposts.com/d/xtkCtBkiz/blackbox-exporter-overview?orgId|"Mozilla/5.0|(Macintosh;|Intel|Mac|OS|X|10_15_7)|AppleWebKit/537.36|(KHTML,|like|Gecko)|Chrome/90.0.4430.85|Safari/537.36"|69|0.003|[monitoring-monitoring-prometheus-grafana-80]|[]|192.168.226.102:3000|2|0.004|200|f9f97c8e584ae95d1ba146c23986fc43|
162.55.33.98|-|-|[26/Apr/2021:21:20:17|+0000]|"GET|/api/annotations?from|HTTP/2.0"|200|2|"https://grafana.itoutposts.com/d/xtkCtBkiz/blackbox-exporter-overview?orgId|"Mozilla/5.0|(Macintosh;|Intel|Mac|OS|X|10_15_7)|AppleWebKit/537.36|(KHTML,|like|Gecko)|Chrome/90.0.4430.85|Safari/537.36"|69|0.003|[monitoring-monitoring-prometheus-grafana-80]|[]|192.168.226.102:3000|2|0.004|200|f9f97c8e584ae95d1ba146c23986fc43|
162.55.33.98|-|-|[26/Apr/2021:21:20:17|+0000]|"GET|/api/annotations?from|HTTP/2.0"|200|2|"https://grafana.itoutposts.com/d/xtkCtBkiz/blackbox-exporter-overview?orgId|"Mozilla/5.0|(Macintosh;|Intel|Mac|OS|X|10_15_7)|AppleWebKit/537.36|(KHTML,|like|Gecko)|Chrome/90.0.4430.85|Safari/537.36"|69|0.003|[monitoring-monitoring-prometheus-grafana-80]|[]|192.168.226.102:3000|2|0.004|200|f9f97c8e584ae95d1ba146c23986fc43|
162.55.33.98|-|-|[26/Apr/2021:21:20:17|+0000]|"GET|/api/annotations?from|HTTP/2.0"|200|2|"https://grafana.itoutposts.com/d/xtkCtBkiz/blackbox-exporter-overview?orgId|"Mozilla/5.0|(Macintosh;|Intel|Mac|OS|X|10_15_7)|AppleWebKit/537.36|(KHTML,|like|Gecko)|Chrome/90.0.4430.85|Safari/537.36"|69|0.003|[monitoring-monitoring-prometheus-grafana-80]|[]|192.168.226.102:3000|2|0.004|200|f9f97c8e584ae95d1ba146c23986fc43|
162.55.33.98|-|-|[26/Apr/2021:21:20:17|+0000]|"GET|/api/annotations?from|HTTP/2.0"|200|2|"https://grafana.itoutposts.com/d/xtkCtBkiz/blackbox-exporter-overview?orgId|"Mozilla/5.0|(Macintosh;|Intel|Mac|OS|X|10_15_7)|AppleWebKit/537.36|(KHTML,|like|Gecko)|Chrome/90.0.4430.85|Safari/537.36"|69|0.003|[monitoring-monitoring-prometheus-grafana-80]|[]|192.168.226.102:3000|2|0.004|200|f9f97c8e584ae95d1ba146c23986fc43|
162.55.33.98|-|-|[26/Apr/2021:21:20:17|+0000]|"GET|/api/annotations?from|HTTP/2.0"|200|2|"https://grafana.itoutposts.com/d/xtkCtBkiz/blackbox-exporter-overview?orgId|"Mozilla/5.0|(Macintosh;|Intel|Mac|OS|X|10_15_7)|AppleWebKit/537.36|(KHTML,|like|Gecko)|Chrome/90.0.4430.85|Safari/537.36"|69|0.003|[monitoring-monitoring-prometheus-grafana-80]|[]|192.168.226.102:3000|2|0.004|200|f9f97c8e584ae95d1ba146c23986fc43|
162.55.33.98|-|-|[26/Apr/2021:21:20:17|+0000]|"GET|/api/annotations?from|HTTP/2.0"|200|2|"https://grafana.itoutposts.com/d/xtkCtBkiz/blackbox-exporter-overview?orgId|"Mozilla/5.0|(Macintosh;|Intel|Mac|OS|X|10_15_7)|AppleWebKit/537.36|(KHTML,|like|Gecko)|Chrome/90.0.4430.85|Safari/537.36"|69|0.003|[monitoring-monitoring-prometheus-grafana-80]|[]|192.168.226.102:3000|2|0.004|200|f9f97c8e584ae95d1ba146c23986fc43|
162.55.33.98|-|-|[26/Apr/2021:21:20:17|+0000]|"GET|/api/annotations?from|HTTP/2.0"|200|2|"https://grafana.itoutposts.com/d/xtkCtBkiz/blackbox-exporter-overview?orgId|"Mozilla/5.0|(Macintosh;|Intel|Mac|OS|X|10_15_7)|AppleWebKit/537.36|(KHTML,|like|Gecko)|Chrome/90.0.4430.85|Safari/537.36"|69|0.003|[monitoring-monitoring-prometheus-grafana-80]|[]|192.168.226.102:3000|2|0.004|200|f9f97c8e584ae95d1ba146c23986fc43|
162.55.33.98|-|-|[26/Apr/2021:21:20:17|+0000]|"GET|/api/annotations?from|HTTP/2.0"|200|2|"https://grafana.itoutposts.com/d/xtkCtBkiz/blackbox-exporter-overview?orgId|"Mozilla/5.0|(Macintosh;|Intel|Mac|OS|X|10_15_7)|AppleWebKit/537.36|(KHTML,|like|Gecko)|Chrome/90.0.4430.85|Safari/537.36"|69|0.003|[monitoring-monitoring-prometheus-grafana-80]|[]|192.168.226.102:3000|2|0.004|200|f9f97c8e584ae95d1ba146c23986fc43|
162.55.33.98|-|-|[26/Apr/2021:21:20:17|+0000]|"GET|/api/annotations?from|HTTP/2.0"|200|2|"https://grafana.itoutposts.com/d/xtkCtBkiz/blackbox-exporter-overview?orgId|"Mozilla/5.0|(Macintosh;|Intel|Mac|OS|X|10_15_7)|AppleWebKit/537.36|(KHTML,|like|Gecko)|Chrome/90.0.4430.85|Safari/537.36"|69|0.003|[monitoring-monitoring-prometheus-grafana-80]|[]|192.168.226.102:3000|2|0.004|200|f9f97c8e584ae95d1ba146c23986fc43|
162.55.33.98|-|-|[26/Apr/2021:21:20:17|+0000]|"GET|/api/annotations?from|HTTP/2.0"|200|2|"https://grafana.itoutposts.com/d/xtkCtBkiz/blackbox-exporter-overview?orgId|"Mozilla/5.0|(Macintosh;|Intel|Mac|OS|X|10_15_7)|AppleWebKit/537.36|(KHTML,|like|Gecko)|Chrome/90.0.4430.85|Safari/537.36"|69|0.003|[monitoring-monitoring-prometheus-grafana-80]|[]|192.168.226.102:3000|2|0.004|200|f9f97c8e584ae95d1ba146c23986fc43|
162.55.33.98|-|-|[26/Apr/2021:21:20:17|+0000]|"GET|/api/annotations?from|HTTP/2.0"|200|2|"https://grafana.itoutposts.com/d/xtkCtBkiz/blackbox-exporter-overview?orgId|"Mozilla/5.0|(Macintosh;|Intel|Mac|OS|X|10_15_7)|AppleWebKit/537.36|(KHTML,|like|Gecko)|Chrome/90.0.4430.85|Safari/537.36"|69|0.003|[monitoring-monitoring-prometheus-grafana-80]|[]|192.168.226.102:3000|2|0.004|200|f9f97c8e584ae95d1ba146c23986fc43|
162.55.33.98|-|-|[26/Apr/2021:21:20:17|+0000]|"GET|/api/annotations?from|HTTP/2.0"|200|2|"https://grafana.itoutposts.com/d/xtkCtBkiz/blackbox-exporter-overview?orgId|"Mozilla/5.0|(Macintosh;|Intel|Mac|OS|X|10_15_7)|AppleWebKit/537.36|(KHTML,|like|Gecko)|Chrome/90.0.4430.85|Safari/537.36"|69|0.003|[monitoring-monitoring-prometheus-grafana-80]|[]|192.168.226.102:3000|2|0.004|200|f9f97c8e584ae95d1ba146c23986fc43|
162.55.33.98|-|-|[26/Apr/2021:21:20:17|+0000]|"GET|/api/annotations?from|HTTP/2.0"|200|2|"https://grafana.itoutposts.com/d/xtkCtBkiz/blackbox-exporter-overview?orgId|"Mozilla/5.0|(Macintosh;|Intel|Mac|OS|X|10_15_7)|AppleWebKit/537.36|(KHTML,|like|Gecko)|Chrome/90.0.4430.85|Safari/537.36"|69|0.003|[monitoring-monitoring-prometheus-grafana-80]|[]|192.168.226.102:3000|2|0.004|200|f9f97c8e584ae95d1ba146c23986fc43|
162.55.33.98|-|-|[26/Apr/2021:21:20:17|+0000]|"GET|/api/annotations?from|HTTP/2.0"|200|2|"https://grafana.itoutposts.com/d/xtkCtBkiz/blackbox-exporter-overview?orgId|"Mozilla/5.0|(Macintosh;|Intel|Mac|OS|X|10_15_7)|AppleWebKit/537.36|(KHTML,|like|Gecko)|Chrome/90.0.4430.85|Safari/537.36"|69|0.003|[monitoring-monitoring-prometheus-grafana-80]|[]|192.168.226.102:3000|2|0.004|200|f9f97c8e584ae95d1ba146c23986fc43|
162.55.33.98|-|-|[26/Apr/2021:21:20:17|+0000]|"GET|/api/annotations?from|HTTP/2.0"|200|2|"https://grafana.itoutposts.com/d/xtkCtBkiz/blackbox-exporter-overview?orgId|"Mozilla/5.0|(Macintosh;|Intel|Mac|OS|X|10_15_7)|AppleWebKit/537.36|(KHTML,|like|Gecko)|Chrome/90.0.4430.85|Safari/537.36"|69|0.003|[monitoring-monitoring-prometheus-grafana-80]|[]|192.168.226.102:3000|2|0.004|200|f9f97c8e584ae95d1ba146c23986fc43|
162.55.33.98|-|-|[26/Apr/2021:21:20:17|+0000]|"GET|/api/annotations?from|HTTP/2.0"|200|2|"https://grafana.itoutposts.com/d/xtkCtBkiz/blackbox-exporter-overview?orgId|"Mozilla/5.0|(Macintosh;|Intel|Mac|OS|X|10_15_7)|AppleWebKit/537.36|(KHTML,|like|Gecko)|Chrome/90.0.4430.85|Safari/537.36"|69|0.003|[monitoring-monitoring-prometheus-grafana-80]|[]|192.168.226.102:3000|2|0.004|200|f9f97c8e584ae95d1ba146c23986fc43|
